{"cameraMode":{"drawMode":0,"name":"Shaded","section":"Shading Mode"},"sceneLighting":false,"audioPlay":false,"sceneViewState":{"m_AlwaysRefresh":false,"showFog":true,"showSkybox":false,"showFlares":true,"showImageEffects":true,"showParticleSystems":true,"showVisualEffectGraphs":true,"m_FxEnabled":true},"in2DMode":false,"pivot":{"x":-0.09549331665039063,"y":1.679999828338623,"z":-0.40946412086486819},"rotation":{"x":-0.4526933431625366,"y":-0.11815657466650009,"z":0.06069393828511238,"w":-0.881770133972168},"size":4.3036322593688969,"orthographic":false}