{"cameraMode":{"drawMode":0,"name":"Shaded","section":"Shading Mode"},"sceneLighting":false,"audioPlay":false,"sceneViewState":{"m_AlwaysRefresh":false,"showFog":true,"showSkybox":false,"showFlares":true,"showImageEffects":true,"showParticleSystems":true,"showVisualEffectGraphs":true,"m_FxEnabled":true},"in2DMode":false,"pivot":{"x":-0.2701985836029053,"y":1.5383998155593873,"z":-0.5490829348564148},"rotation":{"x":0.49884161353111269,"y":-0.01375275943428278,"z":0.007923845201730729,"w":0.8665989637374878},"size":4.1557135581970219,"orthographic":false}