{"cameraMode":{"drawMode":0,"name":"Shaded","section":"Shading Mode"},"sceneLighting":false,"audioPlay":false,"sceneViewState":{"m_AlwaysRefresh":false,"showFog":true,"showSkybox":false,"showFlares":true,"showImageEffects":true,"showParticleSystems":true,"showVisualEffectGraphs":true,"m_FxEnabled":true},"in2DMode":false,"pivot":{"x":-0.09549331665039063,"y":1.2264549732208253,"z":-0.40946412086486819},"rotation":{"x":-0.1636815369129181,"y":0.10219254344701767,"z":-0.01701321452856064,"w":-0.9811075925827026},"size":5.063554286956787,"orthographic":false}