{"cameraMode":{"drawMode":0,"name":"Shaded","section":"Shading Mode"},"sceneLighting":false,"audioPlay":false,"sceneViewState":{"m_AlwaysRefresh":false,"showFog":true,"showSkybox":false,"showFlares":true,"showImageEffects":true,"showParticleSystems":true,"showVisualEffectGraphs":true,"m_FxEnabled":true},"in2DMode":false,"pivot":{"x":0.08039387315511704,"y":-0.5166489481925964,"z":0.04802462458610535},"rotation":{"x":0.2986689805984497,"y":-0.013740296475589276,"z":0.004215450491756201,"w":0.9543160200119019},"size":1.510874629020691,"orthographic":false}